{"type": "metrics", "dataset": "train", "precision": 0.9472430224642614, "balanced_accuracy": 0.789721658170019, "recall": 0.588994708994709, "f1-score": 0.726347383531254}
{"type": "metrics", "dataset": "test", "precision": 0.6663800515907137, "balanced_accuracy": 0.6758771032534494, "recall": 0.40661070304302205, "f1-score": 0.5050505050505051}
