{"type": "metrics", "dataset": "train", "precision": 0.9758317639673572, "balanced_accuracy": 0.8266222663030649, "recall": 0.657989417989418, "f1-score": 0.7859941853115915}
{"type": "metrics", "dataset": "test", "precision": 0.6646551724137931, "balanced_accuracy": 0.674757093948597, "recall": 0.40451206715634835, "f1-score": 0.50293542074364}
{"type": "cm_matrix", "dataset": "train", "true_0": {"predicted_0": 16151, "predicted_1": 77}, "true_1": {"predicted_0": 1616, "predicted_1": 3109}}
{"type": "cm_matrix", "dataset": "test", "true_0": {"predicted_0": 6684, "predicted_1": 389}, "true_1": {"predicted_0": 1135, "predicted_1": 771}}
