{"type": "metrics", "dataset": "train", "precision": 0.9487972508591065, "balanced_accuracy": 0.7875784815062608, "recall": 0.5843386243386244, "f1-score": 0.7232481990831696}
{"type": "metrics", "dataset": "test", "precision": 0.6598639455782312, "balanced_accuracy": 0.6752911364010961, "recall": 0.40713536201469047, "f1-score": 0.5035691109669046}
{"type": "cm_matrix", "dataset": "train", "true_0": {"predicted_0": 16079, "predicted_1": 149}, "true_1": {"predicted_0": 1964, "predicted_1": 2761}}
{"type": "cm_matrix", "dataset": "test", "true_0": {"predicted_0": 6673, "predicted_1": 400}, "true_1": {"predicted_0": 1130, "predicted_1": 776}}
