{"type": "metrics", "dataset": "train", "precision": 0.9997289972899729, "balanced_accuracy": 0.890339559426323, "recall": 0.7807407407407407, "f1-score": 0.8767676767676768}
{"type": "metrics", "dataset": "test", "precision": 0.6583261432269197, "balanced_accuracy": 0.6721636185313139, "recall": 0.4003147953830011, "f1-score": 0.49787928221859706}
{"type": "cm_matrix", "dataset": "train", "true_0": {"predicted_0": 16227, "predicted_1": 1}, "true_1": {"predicted_0": 1036, "predicted_1": 3689}}
{"type": "cm_matrix", "dataset": "test", "true_0": {"predicted_0": 6677, "predicted_1": 396}, "true_1": {"predicted_0": 1143, "predicted_1": 763}}
